Date,Temperature,Humidity,Rainfall,DayOfWeek,Holiday,Refrigerator,Wifi,Television,WashingMachine,ElectricOven,Heater,Fan,ElectricityConsumption_kWh
2022-01-01,17.483570765056164,61.958452550976816,0,5,0,1.0,1.0,1,1,0,0,0,26.692559408108913
2022-01-02,14.308678494144077,50.21627222384968,0,6,0,1.0,1.0,1,0,0,0,0,22.383362921213784
2022-01-03,18.23844269050346,64.08252755714472,0,0,0,1.0,1.0,0,0,0,0,0,23.055941293815163
2022-01-04,22.61514928204013,42.9741639576216,0,1,0,1.0,1.0,0,0,0,0,0,21.820446252170186
2022-01-05,13.82923312638332,70.29155637325644,1,2,0,1.0,1.0,0,0,0,0,0,22.79500226260231
2022-01-06,13.829315215254097,64.72597482413043,1,3,0,1.0,1.0,0,0,0,0,0,22.238460525463864
2022-01-07,22.896064077536955,62.56029734313876,0,4,0,1.0,1.0,0,0,0,0,0,23.835242549821267
2022-01-08,18.837173645764544,69.82690983945514,0,5,0,1.0,1.0,1,1,0,0,0,27.750125713098424
2022-01-09,12.652628070325239,76.65474444462576,1,6,0,1.0,1.0,1,0,0,0,0,24.696000058527623
2022-01-10,17.712800217929825,70.1437006501813,0,0,0,1.0,1.0,0,0,0,0,0,23.556930108604096
2022-01-11,12.682911535937688,41.59125768668355,0,1,0,1.0,1.0,0,0,0,0,0,19.69570807585589
2022-01-12,12.671351232148716,47.204230332642986,1,2,0,1.0,1.0,0,0,0,0,0,20.25469327969404
2022-01-13,16.20981135783017,53.75181422304321,0,3,0,1.0,1.0,0,0,0,0,0,21.617143693870357
2022-01-14,5.43359877671101,60.26091050210834,0,4,0,1.0,1.0,0,0,0,0,0,20.112810805553035
2022-01-15,6.375410837434837,65.17659020469122,0,5,0,1.0,1.0,1,1,0,0,0,24.79274118795609
2022-01-16,12.188562353795136,52.742561868465344,1,6,0,1.0,1.0,1,0,0,0,0,22.211968657605563
2022-01-17,9.93584439832788,61.86766764477078,0,0,0,1.0,1.0,0,0,0,0,0,21.173935644142656
2022-01-18,16.571236662976368,52.44617067646678,0,1,0,1.0,1.0,0,0,0,0,0,21.55886440024195
2022-01-19,10.459879622393945,53.884821970080516,1,2,0,1.0,1.0,0,0,0,0,0,20.48045812148684
2022-01-20,7.938481493323542,45.93338903151778,0,3,0,1.0,1.0,0,0,0,0,0,19.181035201816485
2022-01-21,22.32824384460777,50.76766753889096,1,4,0,1.0,1.0,0,0,0,0,0,22.54241552281065
2022-01-22,13.871118497567322,46.48315394383666,0,5,0,1.0,1.0,1,1,0,0,0,24.422539093897132
2022-01-23,15.33764102343962,50.241267470226674,1,6,0,1.0,1.0,1,0,0,0,0,22.59165495171059
2022-01-24,7.8762590689327165,70.5364179660784,0,0,0,1.0,1.0,0,0,0,0,0,21.628893610394385
2022-01-25,12.278086377374088,50.50601111168057,0,1,0,1.0,1.0,0,0,0,0,0,20.506218386642875
2022-01-26,15.55461294854933,86.32382064837391,0,2,0,1.0,1.0,0,0,0,0,0,24.74330465454726
2022-01-27,9.245032112888486,64.93317900880889,0,3,0,1.0,1.0,0,0,0,0,0,21.342324323458588
2022-01-28,16.87849009172836,61.84836123694874,1,4,0,1.0,1.0,0,0,0,0,0,22.560534142040545
2022-01-29,11.996806550405974,51.41642219818787,1,5,0,1.0,1.0,1,1,0,0,0,24.54100352989998
2022-01-30,13.541531251033616,67.00309879408991,0,6,0,1.0,1.0,1,0,0,0,0,23.908616129615716
2022-01-31,11.991466938853016,54.24362173762226,0,0,0,1.0,1.0,0,0,0,0,0,20.82265556153283
2022-02-01,24.261390922544688,61.220098146453616,1,1,0,1.0,1.0,0,0,0,0,0,23.9742879991543
2022-02-02,14.932513876310331,85.60084538268795,1,2,0,1.0,1.0,0,0,0,0,0,24.54658731353086
2022-02-03,9.711445355220498,59.0394010027535,0,3,0,1.0,1.0,0,0,0,0,0,20.84622917131945
2022-02-04,19.112724560515943,71.49273326285676,0,4,0,1.0,1.0,0,0,0,0,0,23.971818238388863
2022-02-05,8.895781750144888,52.96823574874112,0,5,0,1.0,1.0,1,1,0,0,0,24.075979924903088
2022-02-06,16.044317975023777,59.65011509503038,0,6,0,1.0,1.0,1,0,0,0,0,23.673875104507793
2022-02-07,5.201649380601122,77.7080063563551,0,0,0,1.0,1.0,0,0,0,0,0,21.811130511755735
2022-02-08,8.359069755507846,53.730329422122324,0,1,0,1.0,1.0,0,0,0,0,0,20.044846893313803
2022-02-09,15.984306179345618,78.12448557996929,0,2,0,1.0,1.0,0,0,0,0,0,24.009309793866052
2022-02-10,18.692332899977053,67.07751935455475,1,3,0,1.0,1.0,0,0,0,0,0,23.446218515450887
2022-02-11,15.856841405949853,54.37533224105732,0,4,0,1.0,1.0,0,0,0,0,0,21.6089015052957
2022-02-12,14.421758588058797,66.3240773905552,0,5,0,1.0,1.0,1,1,0,0,0,26.51675945666728
2022-02-13,13.494481522053556,69.7255444962673,0,6,0,1.0,1.0,1,0,0,0,0,24.171450754037444
2022-02-14,7.607390048162863,66.21809962217196,0,0,0,1.0,1.0,0,0,0,0,0,21.14328797184977
2022-02-15,11.400778958026457,44.297752801095434,0,1,0,1.0,1.0,0,0,0,0,0,19.709931071714834
2022-02-16,12.696806145201062,52.728628241751316,0,2,0,1.0,1.0,0,0,0,0,0,20.812224053215346
2022-02-17,20.285611131094576,57.52481364448495,0,3,0,1.0,1.0,0,0,0,0,0,22.80960359066741
2022-02-18,16.71809144784231,59.25566570899954,0,4,0,1.0,1.0,0,0,0,0,0,22.269184860468414
2022-02-19,6.18479922318633,66.20672097550678,0,5,0,1.0,1.0,1,1,0,0,0,24.857631942187943
2022-02-20,16.620419846973974,61.777010009332535,0,6,0,1.0,1.0,1,0,0,0,0,24.00178497032805
2022-02-21,13.074588597918417,46.64655641289899,1,0,0,1.0,1.0,0,0,0,0,0,20.279573360873584
2022-02-22,11.615389998470206,63.801978510059634,0,1,0,1.0,1.0,0,0,0,0,0,21.703275850700003
2022-02-23,18.05838144420434,66.10585745283824,1,2,0,1.0,1.0,0,0,0,0,0,23.222262034124693
2022-02-24,20.154997612479754,65.5979044793104,0,3,0,1.0,1.0,0,0,0,0,0,23.59078997042699
2022-02-25,19.656400595580994,70.80780725554622,0,4,0,1.0,1.0,0,0,0,0,0,24.01206084467082
2022-02-26,10.803912383886807,68.33922154548904,0,5,0,1.0,1.0,1,1,0,0,0,25.994704631326265
2022-02-27,13.453938120743928,64.59180079228437,0,6,0,1.0,1.0,1,0,0,0,0,23.649967703377225
2022-02-28,16.65631715701782,59.29834288541353,1,0,0,1.0,1.0,0,0,0,0,0,22.261097719944917
2022-03-01,19.877725635611796,43.39039066484008,1,1,0,1.0,1.0,0,0,0,0,0,21.31458419360637
2022-03-02,12.60412881077355,64.29618219132585,1,2,0,1.0,1.0,0,0,0,0,0,21.950443981287297
2022-03-03,14.071705116680914,62.076876871631114,0,3,0,1.0,1.0,0,0,0,0,0,22.022028710499296
2022-03-04,9.468325129969859,62.715788371953735,0,4,0,1.0,1.0,0,0,0,0,0,21.165243863189346
2022-03-05,9.018966879596647,47.232514241796906,0,5,0,1.0,1.0,1,1,0,0,0,23.52704480009902
2022-03-06,19.062629111970992,49.189434595917376,0,6,0,1.0,1.0,1,0,0,0,0,23.231469281985937
2022-03-07,21.781200142854114,70.53152853332904,0,0,0,1.0,1.0,0,0,0,0,0,24.409392881903727
2022-03-08,14.63994939209833,59.60444846143345,0,1,0,1.0,1.0,0,0,0,0,0,21.888434724563012
2022-03-09,20.01766448946012,66.81500697372624,0,2,0,1.0,1.0,0,0,0,0,0,23.68503359526465
2022-03-10,16.80818012523817,60.28318376130461,0,3,0,1.0,1.0,0,0,0,0,0,22.389954401178095
2022-03-11,11.774401226974378,60.297561394957455,1,4,0,1.0,1.0,0,0,0,0,0,21.38463638489062
2022-03-12,16.80697802754207,69.38283805975998,1,5,0,1.0,1.0,1,1,0,0,0,27.299679411484412
2022-03-13,22.690182832329846,54.83955271782626,1,6,0,1.0,1.0,1,0,0,0,0,24.521991838248596
2022-03-14,14.820869804450242,60.96120776940983,0,0,0,1.0,1.0,0,0,0,0,0,22.060294737831033
2022-03-15,22.82321827907003,55.377247112949576,0,1,0,1.0,1.0,0,0,0,0,0,23.102368367108966
2022-03-16,1.9012744795512777,55.65503772567684,0,2,0,1.0,1.0,0,0,0,0,0,18.94575866847794
2022-03-17,19.10951252187612,56.908278765313604,1,3,0,1.0,1.0,0,0,0,0,0,22.512730380906586
2022-03-18,15.435235341190856,62.22133771633713,0,4,0,1.0,1.0,0,0,0,0,0,22.309180839871885
2022-03-19,13.504963247670663,55.212513783365225,0,5,0,1.0,1.0,1,1,0,0,0,25.222244027870655
2022-03-20,15.458803882677511,72.55756125573521,1,6,0,1.0,1.0,1,0,0,0,0,24.84751690210902
2022-03-21,5.0621554269955364,51.05392697780496,0,0,0,1.0,1.0,0,0,0,0,0,19.117823783179603
2022-03-22,13.90164056081244,58.13128355838641,0,1,0,1.0,1.0,0,0,0,0,0,21.59345646800113
2022-03-23,16.78556285755873,55.60268941725825,0,2,0,1.0,1.0,0,0,0,0,0,21.917381513237572
2022-03-24,22.38947022370758,74.46977884353733,0,3,0,1.0,1.0,0,0,0,0,0,24.92487192909525
2022-03-25,12.408648908631763,61.965547765115744,0,4,0,1.0,1.0,0,0,0,0,0,21.678284558237927
2022-03-26,10.957531985534061,70.31844539468635,0,5,0,1.0,1.0,1,1,0,0,0,26.223350936575446
2022-03-27,12.491214782077318,45.14439626963028,0,6,0,1.0,1.0,1,0,0,0,0,21.512682583378492
2022-03-28,19.57701058851037,62.67050265869259,0,0,0,1.0,1.0,0,0,0,0,0,23.182452383571334
2022-03-29,16.643755548298422,68.89630795623437,1,1,0,1.0,1.0,0,0,0,0,0,23.21838190528312
2022-03-30,12.351198981164806,60.82283989275424,0,2,0,1.0,1.0,0,0,0,0,0,21.552523785508384
2022-03-31,17.56633716556678,70.65480375065351,0,3,0,1.0,1.0,0,0,0,0,0,23.578747808178708
2022-04-01,15.485387746740201,54.82711549899628,0,4,0,1.0,1.0,0,0,0,0,0,21.57978909924767
2022-04-02,19.843224952664446,74.0934744018558,1,5,0,1.0,1.0,1,1,0,0,0,28.37799243071847
2022-04-03,11.489734530613237,82.9889812361925,0,6,0,1.0,1.0,1,0,0,0,0,25.0968450297419
2022-04-04,13.361689267011158,56.37161439560341,0,0,0,1.0,1.0,0,0,0,0,0,21.30949929296257
2022-04-05,13.039459234339212,55.54497478599228,1,1,0,1.0,1.0,0,0,0,0,0,21.16238932546707
2022-04-06,7.682425259339407,74.533844771177,1,2,0,1.0,1.0,0,0,0,1,0,25.989869528985583
2022-04-07,16.48060138532288,75.79572145730712,0,3,0,1.0,1.0,0,0,0,0,0,23.87569242279529
2022-04-08,16.305276360899448,54.771399728467316,1,4,0,1.0,1.0,0,0,0,0,0,21.738195245026624
2022-04-09,15.025567283212304,55.798131829041424,0,5,0,1.0,1.0,1,1,0,0,0,25.5849266395466
2022-04-10,13.827064333124266,57.18215391139493,0,6,0,1.0,1.0,1,0,0,0,0,22.983628257764344
2022-04-11,7.923146289747929,46.555494889657226,0,0,0,1.0,1.0,0,0,0,0,0,19.24017874691531
2022-04-12,12.896773386173205,50.81348053515802,0,1,0,1.0,1.0,0,0,0,0,0,20.660702730750444
2022-04-13,13.286427417366152,49.95859233247932,1,2,0,1.0,1.0,0,0,0,0,0,20.653144716721165
2022-04-14,10.988613653891905,52.32202434895871,0,3,0,1.0,1.0,0,0,0,0,0,20.429925165674252
2022-04-15,14.193571441669954,59.65315112613219,0,4,0,1.0,1.0,0,0,0,0,0,21.804029400947208
2022-04-16,17.020254284072692,62.342147325365204,1,5,0,1.0,1.0,1,1,0,0,0,26.63826558935106
2022-04-17,24.43092950605265,75.50500492814076,1,6,0,1.0,1.0,1,0,0,0,0,26.93668639402461
2022-04-18,15.872889064159194,50.016459592612094,0,0,0,1.0,1.0,0,0,0,0,0,21.17622377209305
2022-04-19,16.28775195361382,69.84322398476584,0,1,0,1.0,1.0,0,0,0,0,0,23.24187278919935
2022-04-20,14.627770421169163,57.86011155774491,0,2,0,1.0,1.0,0,0,0,0,0,21.711565240008323
2022-04-21,5.406143923504793,59.50536290347567,1,3,0,1.0,1.0,0,0,0,1,0,24.031765075048526
2022-04-22,14.867430622753915,66.74819492166604,0,4,0,1.0,1.0,0,0,0,0,0,22.648305616717387
2022-04-23,15.301151049705132,48.772779784377015,1,5,0,1.0,1.0,1,1,0,0,0,24.93750818837873
2022-04-24,27.31621056242643,63.82409746184051,0,6,0,1.0,1.0,1,0,0,0,1,28.34565185866934
2022-04-25,14.038195176094387,61.66452208213056,0,0,0,1.0,1.0,0,0,0,0,0,21.974091243431932
2022-04-26,16.507736711668063,64.92451264008149,0,1,0,1.0,1.0,0,0,0,0,0,22.793998606341763
2022-04-27,14.826441151473784,62.89168643907818,0,2,0,1.0,1.0,0,0,0,0,0,22.254456874202575
2022-04-28,9.156609811902339,84.55300139910895,0,3,0,1.0,1.0,0,0,0,0,0,23.28662210229136
2022-04-29,20.714114072575104,53.62260015748684,1,4,0,1.0,1.0,0,0,0,0,0,22.505082830263706
2022-04-30,18.759665163433873,54.690030449981826,0,5,0,1.0,1.0,1,1,0,0,0,26.220936077684957
2022-05-01,18.955159735215233,53.76859473575236,0,6,0,1.0,1.0,1,0,0,0,0,23.667891420618282
2022-05-02,10.453062726026305,54.44522880839745,1,0,0,1.0,1.0,0,0,0,0,0,20.535135426045006
2022-05-03,22.013971554680495,53.62612872693482,0,1,0,1.0,1.0,0,0,0,0,0,22.76540718362958
2022-05-04,7.990744686038596,71.89016531107552,1,2,0,1.0,1.0,0,0,0,1,0,25.787165468315273
2022-05-05,17.934285469001352,74.20504247989855,0,3,0,1.0,1.0,0,0,0,0,0,24.007361341790126
2022-05-06,25.952278129049894,54.29253706250524,0,4,0,1.0,1.0,0,0,0,0,1,25.619709332060502
2022-05-07,10.047318374346558,51.67644426895771,0,5,0,1.0,1.0,1,1,0,0,0,24.177108101765086
2022-05-08,12.16851135198614,64.71415556386404,0,6,0,1.0,1.0,1,0,0,0,0,23.40511782678363
2022-05-09,15.498256825438206,54.477769557190285,1,0,0,1.0,1.0,0,0,0,0,0,21.54742832080667
2022-05-10,12.482621729419003,66.32931817755511,0,1,0,1.0,1.0,0,0,0,0,0,22.12945616363931
2022-05-11,7.246682844669337,62.029230208513,0,2,0,1.0,1.0,0,0,0,0,0,20.652259589785167
2022-05-12,15.342814874030136,44.84255885002768,0,3,0,1.0,1.0,0,0,0,0,0,20.552818859808795
2022-05-13,9.688481431369475,75.47505201330061,0,4,0,1.0,1.0,0,0,0,0,0,22.485201487603955
2022-05-14,17.36796215317591,77.95877673095522,1,5,0,1.0,1.0,1,1,0,0,0,28.269470103730704
2022-05-15,10.402878828830985,53.87211309515614,0,6,0,1.0,1.0,1,0,0,0,0,21.967787075281812
2022-05-16,22.749672025087698,56.122984400640156,0,0,0,1.0,1.0,0,0,0,0,0,23.162232845081554
2022-05-17,11.083733538318814,62.85865390724905,1,1,0,1.0,1.0,0,0,0,0,0,21.502612098388667
2022-05-18,13.389692418971622,63.34456789987025,0,2,0,1.0,1.0,0,0,0,0,0,22.01239527378135
2022-05-19,19.067586086848348,66.5854427267283,1,3,0,1.0,1.0,0,0,0,0,0,23.4720614900425
2022-05-20,8.845678417830225,80.1020453876635,0,4,0,1.0,1.0,0,0,0,0,0,22.779340222332394
2022-05-21,16.137299673020646,58.2305277250595,0,5,0,1.0,1.0,1,1,0,0,0,26.05051270711008
2022-05-22,21.53571377141214,52.01702755461546,0,6,0,1.0,1.0,1,0,0,0,0,24.008845509743974
2022-05-23,6.962583827193862,46.20680771985473,1,0,0,1.0,1.0,0,0,0,1,0,23.013197537424247
2022-05-24,15.923169292661521,52.69069960058081,1,1,0,1.0,1.0,0,0,0,0,0,21.453703818590384
2022-05-25,16.299413971242117,59.66873027126203,0,2,0,1.0,1.0,0,0,0,0,0,22.226755821374624
2022-05-26,18.90911435888655,77.94557863517788,0,3,0,1.0,1.0,0,0,0,0,0,24.576380735295096
2022-05-27,8.81524644560959,54.823887009638284,0,4,0,1.0,1.0,0,0,0,0,0,20.245437990085748
2022-05-28,8.397716934578618,62.237879516388986,0,5,0,1.0,1.0,1,1,0,0,0,24.903331338554622
2022-05-29,17.60970782808449,59.83577103927248,0,6,0,1.0,1.0,1,0,0,0,0,24.005518669544145
2022-05-30,16.48492336616593,71.88393273448084,1,0,0,1.0,1.0,0,0,0,0,0,23.48537794668127
2022-05-31,16.252464251729382,85.26932425873622,0,1,0,1.0,1.0,0,0,0,0,0,24.7774252762195
2022-06-01,16.732241047484877,54.69131227079679,0,2,0,1.0,1.0,0,0,0,0,0,21.815579436576655
2022-06-02,11.599876392107547,55.10560557481778,0,3,0,1.0,1.0,0,0,0,0,0,20.830535835903287
2022-06-03,16.161268485805017,70.44160877069072,0,4,0,1.0,1.0,0,0,0,0,0,23.276414574230074
2022-06-04,16.465362366493405,66.81891489626311,0,5,0,1.0,1.0,1,1,0,0,0,26.974963962924992
2022-06-05,11.42824290986816,78.46707325736034,0,6,0,1.0,1.0,1,0,0,0,0,24.632355907709666
2022-06-06,24.328872555723784,65.83928185325964,1,0,0,1.0,1.0,0,0,0,0,0,24.44970269647072
2022-06-07,17.36916460455894,56.40707909212941,0,1,0,1.0,1.0,0,0,0,0,0,22.114540830124728
2022-06-08,9.043482513986756,65.9065483069231,0,2,0,1.0,1.0,0,0,0,0,0,21.399351333489662
2022-06-09,18.28276804316915,71.08703580582907,0,3,0,1.0,1.0,0,0,0,0,0,23.76525718921674
2022-06-10,10.126591648863393,68.20482181197364,1,4,0,1.0,1.0,0,0,0,0,0,21.845800510970044
2022-06-11,18.93542301871226,65.07274031107298,1,5,0,1.0,1.0,1,1,0,0,0,27.29435863484975
2022-06-12,20.79297789503702,70.66674689589154,0,6,0,1.0,1.0,1,0,0,0,0,25.725270268596557
2022-06-13,10.896588408241447,71.69295590445672,1,0,0,1.0,1.0,0,0,0,0,0,22.348613272093964
2022-06-14,19.81688064622161,73.82158991037527,0,1,0,1.0,1.0,0,0,0,0,0,24.34553512028185
2022-06-15,17.06390463468249,66.48709887589642,0,2,0,1.0,1.0,0,0,0,0,0,23.06149081452614
2022-06-16,19.11030079997245,58.328819196831454,0,3,0,1.0,1.0,0,0,0,0,0,22.654942079677635
2022-06-17,24.483964913269737,61.46713686433323,0,4,0,1.0,1.0,0,0,0,0,0,24.04350666908727
2022-06-18,13.773059419985648,72.06508966508358,0,5,0,1.0,1.0,1,1,0,0,0,26.961120850505488
2022-06-19,11.231319178212551,51.83064329012764,1,6,0,1.0,1.0,1,0,0,0,0,21.929328164655274
2022-06-20,10.552427851872384,63.686733088729014,1,0,0,1.0,1.0,0,0,0,0,0,21.47915887924738
2022-06-21,10.920948575172808,56.06661187672639,0,1,0,1.0,1.0,0,0,0,0,0,20.7908509027072
2022-06-22,14.61449145292948,60.28744822934817,0,2,0,1.0,1.0,0,0,0,0,0,21.951643113520714
2022-06-23,16.70575987408322,72.78451862607298,0,3,0,1.0,1.0,0,0,0,0,0,23.61960383742394
2022-06-24,16.383453996650097,61.910990680199035,0,4,0,1.0,1.0,0,0,0,0,0,22.46778986734992
2022-06-25,19.13591624518012,60.46436548156149,0,5,0,1.0,1.0,1,1,0,0,0,26.873619797192173
2022-06-26,15.065009459389534,46.40143859020081,0,6,0,1.0,1.0,1,0,0,0,0,22.153145750897988
2022-06-27,22.267670385786584,67.46253566027221,0,0,0,1.0,1.0,0,0,0,0,0,24.19978764318454
2022-06-28,13.67671583381022,66.45484181141076,1,1,0,1.0,1.0,0,0,0,0,0,22.38082734790312
2022-06-29,28.600845832948096,81.6325472330546,0,2,0,1.0,1.0,0,0,0,0,1,28.88342388989508
2022-06-30,18.12833673882503,56.92221765046999,0,3,0,1.0,1.0,0,0,0,0,0,22.317889112812004
2022-07-01,10.714212217918586,62.19150327663939,1,4,0,1.0,1.0,0,0,0,0,0,21.361992771247657
2022-07-02,9.645537509694439,62.49383683710755,0,5,0,1.0,1.0,1,1,0,0,0,25.17849118564964
2022-07-03,17.412362076215928,75.77453279763475,0,6,0,1.0,1.0,1,0,0,0,0,25.559925695006662
2022-07-04,13.882686073370746,59.047044676130476,0,0,0,1.0,1.0,0,0,0,0,0,21.681241682287197
2022-07-05,18.57000247046046,62.790215257703395,0,1,0,1.0,1.0,0,0,0,0,0,22.99302201986243
2022-07-06,17.366188122867726,66.0789650971654,1,2,0,1.0,1.0,0,0,0,0,0,23.081134134290085
2022-07-07,14.635855436715635,61.86609123156358,0,3,0,1.0,1.0,0,0,0,0,0,22.113780210499485
2022-07-08,10.766031409657975,55.535663854494715,0,4,0,1.0,1.0,0,0,0,0,0,20.706772667381067
2022-07-09,7.425763876570677,61.94089992898308,1,5,0,1.0,1.0,1,1,0,1,0,28.679242768212443
2022-07-10,12.767425239664895,70.73631749859771,1,6,0,1.0,1.0,1,0,0,0,0,24.127116797792752
2022-07-11,19.28199397161736,49.7348470058894,1,0,0,1.0,1.0,0,0,0,0,0,21.829883494912412
2022-07-12,16.07046872065102,61.32969674146876,0,1,0,1.0,1.0,0,0,0,0,0,22.34706341827708
2022-07-13,8.77130610644006,52.99879185060827,0,2,0,1.0,1.0,0,0,0,0,0,20.05414040634884
2022-07-14,15.86590462925591,71.95046628924842,1,3,0,1.0,1.0,0,0,0,0,0,23.368227554776027
2022-07-15,16.926586898644185,44.76813095216225,1,4,0,1.0,1.0,0,0,0,0,0,20.86213047494506
2022-07-16,10.580712818994336,54.410781527284115,0,5,0,1.0,1.0,1,1,0,0,0,24.55722071652728
2022-07-17,15.76862552972764,63.772118750645205,0,6,0,1.0,1.0,1,0,0,0,0,24.03093698101005
2022-07-18,15.29104359223,75.65524029234341,0,0,0,1.0,1.0,0,0,0,0,0,23.623732747680343
2022-07-19,9.285148510846884,59.34249738927012,1,1,0,1.0,1.0,0,0,0,1,0,24.79127944109639
2022-07-20,16.788936801741418,54.44800473306802,0,2,0,1.0,1.0,0,0,0,0,0,21.802587833655085
2022-07-21,17.80392263184117,78.8115706944059,0,3,0,1.0,1.0,0,0,0,0,0,24.441941595808824
2022-07-22,20.415256215876383,45.51986099583756,0,4,0,1.0,1.0,0,0,0,0,0,21.635037342759034
2022-07-23,20.269010260174515,38.01194043379918,0,5,0,1.0,1.0,1,1,0,0,0,24.854996095414823
2022-07-24,8.111653160214544,64.40014450053333,1,6,0,1.0,1.0,1,0,0,1,0,26.562345082096243
2022-07-25,10.310874800424386,54.97945775647389,0,0,0,1.0,1.0,0,0,0,0,0,20.56012073573227
2022-07-26,17.5751763360433,49.787671828692865,1,1,0,1.0,1.0,0,0,0,0,0,21.493802450077947
2022-07-27,17.568929754561044,67.08356447299353,1,2,0,1.0,1.0,0,0,0,0,0,23.22214239821156
2022-07-28,17.575238431530238,62.43800713771199,0,3,0,1.0,1.0,0,0,0,0,0,22.758848400077248
2022-07-29,34.26365745327361,54.359213692632714,0,4,0,1.0,1.0,0,0,0,0,1,27.288652859917995
2022-07-30,17.854452553465833,47.19695601329106,0,5,0,1.0,1.0,1,1,0,0,0,25.29058611202227
2022-07-31,20.677828200902994,68.72457328280144,1,6,0,1.0,1.0,1,0,0,0,0,25.508022968460743
2022-08-01,19.770008817466014,66.50201177958661,0,0,0,1.0,1.0,0,0,0,0,0,23.604202941451863
2022-08-02,18.25695625652899,59.00824136220617,0,1,0,1.0,1.0,0,0,0,0,0,22.552215387526417
2022-08-03,13.423653776798272,78.46636996047665,1,2,0,1.0,1.0,0,0,0,0,0,23.53136775140732
2022-08-04,18.794846102466337,49.29915233673847,0,3,0,1.0,1.0,0,0,0,0,0,21.688884454167116
2022-08-05,11.13587392731214,44.74474829075261,1,4,0,1.0,1.0,0,0,0,0,0,19.70164961453769
2022-08-06,13.815906966299956,53.080919301187556,0,5,0,1.0,1.0,1,1,0,0,0,25.071273323378747
2022-08-07,12.573182260854482,59.54413983644502,0,6,0,1.0,1.0,1,0,0,0,0,22.9690504358154
2022-08-08,15.409370696931612,62.43339449322692,0,0,0,1.0,1.0,0,0,0,0,0,22.325213588709016
2022-08-09,26.573292833367542,57.5876394214367,1,1,0,1.0,1.0,0,0,0,0,1,26.073422508817178
2022-08-10,5.663674037041259,63.520553965142966,0,2,0,1.0,1.0,0,0,0,0,0,20.48479020392255
2022-08-11,18.43130095187257,47.48460575809556,1,3,0,1.0,1.0,0,0,0,0,0,21.43472076618407
2022-08-12,6.936420644051742,74.4376460407326,1,4,0,1.0,1.0,0,0,0,1,0,25.83104873288361
2022-08-13,12.640340671052833,59.178488216074314,0,5,0,1.0,1.0,1,1,0,0,0,25.445916955818
2022-08-14,20.444752984836832,71.17295831588127,1,6,0,1.0,1.0,1,0,0,0,0,25.706246428555495
2022-08-15,15.321400095477314,63.42725346377704,0,0,1,1.0,1.0,1,0,1,0,0,26.907005365473168
2022-08-16,9.611276110353469,64.56753219153784,0,1,0,1.0,1.0,0,0,0,0,0,21.379008441224478
2022-08-17,11.423481453700159,65.69767280232205,0,2,0,1.0,1.0,0,0,0,0,0,21.854463570972236
2022-08-18,18.39798874467338,64.47708560017315,1,3,0,1.0,1.0,0,0,0,0,0,23.12730630895199
2022-08-19,11.348166841414317,66.42722759867544,0,4,0,1.0,1.0,0,0,0,0,0,21.91235612815041
2022-08-20,16.082292947909874,73.29152530132431,0,5,0,1.0,1.0,1,1,0,0,0,27.54561111971441
2022-08-21,15.227859199519068,61.9652116970147,0,6,0,1.0,1.0,1,0,0,0,0,23.742093009605284
2022-08-22,11.741998261970915,67.09003757588512,0,0,0,1.0,1.0,0,0,0,0,0,22.057403409982697
2022-08-23,25.719720446626628,59.102643057127736,0,1,0,1.0,1.0,0,0,0,0,1,26.054208395038103
2022-08-24,18.169595111590056,74.40117215449473,1,2,0,1.0,1.0,0,0,0,0,0,24.074036237767483
2022-08-25,4.874287066711965,53.2360769794073,1,3,0,1.0,1.0,0,0,0,1,0,23.29846511128312
2022-08-26,15.932271573847139,78.00940432910815,0,4,0,1.0,1.0,0,0,0,0,0,23.98739474768024
2022-08-27,11.69106767615806,59.59842049355657,1,5,0,1.0,1.0,1,1,0,0,0,25.298055584587267
2022-08-28,19.26216667398112,45.69224897881952,0,6,0,1.0,1.0,1,0,0,0,0,22.921658232678176
2022-08-29,11.037396307836497,61.28104414910789,1,0,0,1.0,1.0,0,0,0,0,0,21.33558367647809
2022-08-30,14.426317792665506,53.18948342525119,0,1,0,1.0,1.0,0,0,0,0,0,21.20421190105822
2022-08-31,17.524936394902287,68.40643548988724,0,2,0,1.0,1.0,0,0,0,0,0,23.34563082796918
2022-09-01,19.328775970850607,53.47376020697609,0,3,0,1.0,1.0,0,0,0,0,0,22.21313121486773
2022-09-02,8.998517964721119,55.538165667852205,1,4,0,1.0,1.0,0,0,0,1,0,24.353520159729445
2022-09-03,13.327493820795258,41.10459269054469,0,5,0,1.0,1.0,1,1,0,0,0,23.77595803321352
2022-09-04,12.62527344419522,55.47693680750923,0,6,0,1.0,1.0,1,0,0,0,0,22.572748369589966
2022-09-05,11.73335383713144,35.76120673371044,0,0,0,1.0,1.0,0,0,0,0,0,18.922791440797333
2022-09-06,23.827271201405484,44.16097176514277,0,1,0,1.0,1.0,0,0,0,0,0,22.181551416795376
2022-09-07,17.024908554804778,67.60414656144297,0,2,0,1.0,1.0,0,0,0,0,0,23.165396367105252
2022-09-08,8.695580228324774,67.85800158650832,1,3,0,1.0,1.0,0,0,0,1,0,25.524916204315787
2022-09-09,19.58930973527388,64.25457561784965,1,4,0,1.0,1.0,0,0,0,0,0,23.34331950883974
2022-09-10,25.610780985063165,50.33023856870787,0,5,0,1.0,1.0,1,1,0,0,1,29.15518005388342
2022-09-11,20.162326302755734,59.5228864385802,1,6,0,1.0,1.0,1,0,0,0,0,24.484753904409168
2022-09-12,7.403150170229933,59.963974609094315,0,0,0,1.0,1.0,0,0,0,0,0,20.47702749495542
2022-09-13,12.578829635668743,48.416353108074574,1,1,0,1.0,1.0,0,0,0,0,0,20.357401237941207
2022-09-14,21.334555745933113,75.0339830176715,1,2,0,1.0,1.0,0,0,0,0,0,24.770309450953775
2022-09-15,11.461652671906096,68.77362290575671,0,3,0,1.0,1.0,0,0,0,0,0,22.16969282495689
2022-09-16,17.219097140731144,57.79035826170336,1,4,0,1.0,1.0,0,0,0,0,0,22.222855254316563
2022-09-17,18.873170267146683,60.26885838994531,0,5,0,1.0,1.0,1,1,0,0,0,26.80151989242387
2022-09-18,10.365347642109585,62.08382807947552,0,6,0,1.0,1.0,1,0,0,0,0,22.78145233636947
2022-09-19,14.702373219691,39.58265131575709,1,0,0,1.0,1.0,0,0,0,0,0,19.89873977551391
2022-09-20,-1.2063367003453642,57.52822617479403,0,1,0,1.0,1.0,0,0,0,0,0,18.51155527741033
2022-09-21,9.878061793328552,53.180157520022014,0,2,0,1.0,1.0,0,0,0,0,0,20.29362811066791
2022-09-22,13.737159243034199,49.983799901050844,0,3,0,1.0,1.0,0,0,0,0,0,20.745811838711926
2022-09-23,8.761084090175753,57.18899707114045,1,4,0,1.0,1.0,0,0,0,1,0,24.471116525149196
2022-09-24,23.162056519658176,77.97686526849523,0,5,0,1.0,1.0,1,1,0,0,0,29.43009783078116
2022-09-25,7.849293110196837,66.4084286126701,0,6,0,1.0,1.0,1,0,0,0,0,22.710701483306377
2022-09-26,12.79977756651508,54.28821010217203,1,0,0,1.0,1.0,0,0,0,0,0,20.98877652352022
2022-09-27,15.653702886430457,65.72582781356158,1,1,0,1.0,1.0,0,0,0,0,0,22.70332335864225
2022-09-28,22.206366445330577,73.99355436586002,0,2,0,1.0,1.0,0,0,0,0,0,24.840628725652117
2022-09-29,7.8206892441028035,69.24633682912769,0,3,0,1.0,1.0,0,0,0,0,0,21.48877153173333
2022-09-30,20.815818760774796,60.59630369920174,0,4,0,1.0,1.0,0,0,0,0,0,23.222794122075136
2022-10-01,15.051165305097935,53.53063222294426,0,5,0,1.0,1.0,1,1,0,0,0,25.363296283314014
2022-10-02,10.092456744760245,66.9822331361359,0,6,0,1.0,1.0,1,0,0,0,0,23.21671466256564
2022-10-03,17.310517371316354,63.934853854217494,1,0,0,1.0,1.0,0,0,0,0,0,22.85558885968502
2022-10-04,15.995298477867351,68.95193220027733,0,1,0,1.0,1.0,0,0,0,0,0,23.094252915601203
2022-10-05,11.998915614206027,66.35171801681969,0,2,0,1.0,1.0,0,0,0,0,0,22.034954924523174
2022-10-06,15.349010424950094,70.49552715319335,0,3,0,1.0,1.0,0,0,0,0,0,23.119354800309356
2022-10-07,13.0734320156912,54.64764788439432,1,4,0,1.0,1.0,0,0,0,0,0,21.07945119157767
2022-10-08,15.56758672625624,73.17394065634326,0,5,0,1.0,1.0,1,1,0,0,0,27.430911410885574
2022-10-09,18.310653372605234,61.975996046923996,1,6,0,1.0,1.0,1,0,0,0,0,24.359730279213444
2022-10-10,22.93008408072676,80.75260872625265,0,0,0,1.0,1.0,0,0,0,0,0,25.661277688770618
2022-10-11,8.810922505865754,53.10812181910432,0,1,0,1.0,1.0,0,0,0,0,0,20.07299668308358
2022-10-12,25.665166873281333,77.3596380316525,0,2,0,1.0,1.0,0,0,0,0,1,27.86899717782152
2022-10-13,5.239561002387491,61.979107834626475,0,3,0,1.0,1.0,0,0,0,0,0,20.245822983940144
2022-10-14,14.241074524822084,53.48581996385552,0,4,0,1.0,1.0,0,0,0,0,0,21.19679690134997
2022-10-15,17.941586032422883,55.16114165945678,0,5,0,1.0,1.0,1,1,0,0,0,26.104431372430255
2022-10-16,16.404959338675162,56.7965269180568,0,6,0,1.0,1.0,1,0,0,0,0,23.46064455954071
2022-10-17,11.886502400897031,64.24165946401916,1,0,0,1.0,1.0,0,0,0,0,0,21.801466426581324
2022-10-18,13.959388748213623,65.228354880355,0,1,0,1.0,1.0,0,0,0,0,0,22.314713237678227
2022-10-19,12.534995326705836,54.26299996061421,1,2,0,1.0,1.0,0,0,0,0,0,20.93329906140259
2022-10-20,12.053176215278942,59.756454077390174,0,3,0,1.0,1.0,0,0,0,0,0,21.386280650794806
2022-10-21,19.248010485105123,81.42270358611864,0,4,0,1.0,1.0,0,0,0,0,0,24.99187245563289
2022-10-22,16.785077429825236,77.27543170100711,0,5,0,1.0,1.0,1,1,0,0,0,28.08455865606576
2022-10-23,11.53545202369673,64.36323669674032,0,6,0,1.0,1.0,1,0,0,0,0,23.24341407441338
2022-10-24,19.497999377166252,60.380034781682,0,0,0,1.0,1.0,0,0,0,0,0,22.93760335360145
2022-10-25,16.536497604383047,61.200313267182615,0,1,0,1.0,1.0,0,0,0,0,0,22.427330847594874
2022-10-26,19.0643105941948,66.13517972730416,0,2,0,1.0,1.0,0,0,0,0,0,23.426380091569378
2022-10-27,18.14814420961806,49.77207434801595,0,3,0,1.0,1.0,0,0,0,0,0,21.606836276725208
2022-10-28,10.855024945389639,57.42623462576655,0,4,0,1.0,1.0,0,0,0,0,0,20.913628451654585
2022-10-29,12.199094799015153,43.314159261224106,1,5,0,1.0,1.0,1,1,0,0,0,23.77123488592544
2022-10-30,18.736468025616308,63.992231226052795,1,6,0,1.0,1.0,1,0,0,0,0,24.64651672772854
2022-10-31,18.051851327167324,66.4719593970274,1,0,1,1.0,1.0,1,0,1,0,0,27.757566205136207
2022-11-01,14.895492030179259,55.16813537700626,1,1,0,1.0,1.0,0,0,0,0,0,21.49591194373648
2022-11-02,15.58663691654391,75.73986763290033,0,2,0,1.0,1.0,0,0,0,0,0,23.691314146598813
2022-11-03,21.388324478942124,47.74234336997659,0,3,0,1.0,1.0,0,0,0,0,0,22.051899232786084
2022-11-04,12.042143055820851,45.3562511979018,1,4,0,1.0,1.0,0,0,0,0,0,19.94405373095435
2022-11-05,17.735486905850188,62.24451818559972,0,5,0,1.0,1.0,1,1,0,0,0,26.77154919973001
2022-11-06,13.98903673783053,70.47098302612154,0,6,0,1.0,1.0,1,0,0,0,0,24.344905650178262
2022-11-07,13.911593983863899,76.83927691457869,0,0,0,1.0,1.0,0,0,0,0,0,23.46624648823065
2022-11-08,20.49388425993595,55.4111573713106,0,1,0,1.0,1.0,0,0,0,0,0,22.63989258911825
2022-11-09,19.12708174494015,70.78680833431295,0,2,0,1.0,1.0,0,0,0,0,0,23.904097182419328
2022-11-10,19.067548180003193,59.61491530499293,1,3,0,1.0,1.0,0,0,0,0,0,22.775001166499933
2022-11-11,21.527394035771646,58.273727000591805,0,4,0,1.0,1.0,0,0,0,0,0,23.13285150721351
2022-11-12,15.105019208163796,68.83659937486672,0,5,0,1.0,1.0,1,1,0,0,0,26.90466377911943
2022-11-13,18.40976485647482,66.52322878413419,1,6,0,1.0,1.0,1,0,0,0,0,24.834275849708384
2022-11-14,13.44866621703272,44.236078430157505,0,0,0,1.0,1.0,0,0,0,0,0,20.113341086422295
2022-11-15,16.62083176244221,74.76540349725896,0,1,0,1.0,1.0,0,0,0,0,0,23.800706702214338
2022-11-16,14.349284728161576,73.80091354147451,0,2,0,1.0,1.0,0,0,0,0,0,23.249948299779767
2022-11-17,15.484979824963592,53.74437298490471,1,3,0,1.0,1.0,0,0,0,0,0,21.47143326348319
2022-11-18,17.97578512718457,63.95803533437409,1,4,0,1.0,1.0,0,0,0,0,0,22.99096055887432
2022-11-19,10.908896583832638,64.94030186282738,0,5,0,1.0,1.0,1,1,0,0,0,25.675809503049265
2022-11-20,25.461936378427303,62.60673765823907,1,6,0,1.0,1.0,1,0,0,0,1,27.853061041509367
2022-11-21,9.96991309250149,54.4969484615458,0,0,0,1.0,1.0,0,0,0,0,0,20.443677464654876
2022-11-22,8.92905693606134,53.283766320619485,1,1,0,1.0,1.0,0,0,0,1,0,24.114188019274216
2022-11-23,20.790554367500338,59.744459290085544,1,2,0,1.0,1.0,0,0,0,0,0,23.132556802508624
2022-11-24,18.95831346981468,71.72729019259364,1,3,0,1.0,1.0,0,0,0,0,0,23.964391713222298
2022-11-25,18.120599085260775,65.43600154594432,0,4,0,1.0,1.0,0,0,0,0,0,23.167719971646587
2022-11-26,18.1417275463214,56.29385667913894,1,5,0,1.0,1.0,1,1,0,0,0,26.257731177178172
2022-11-27,14.938766135765427,67.71698710648344,1,6,0,1.0,1.0,1,0,0,0,0,24.25945193780143
2022-11-28,10.513728142570843,31.514573793699245,0,0,0,1.0,1.0,0,0,0,0,0,18.254203007884094
2022-11-29,15.379022790968632,71.48765700372104,1,1,0,1.0,1.0,0,0,0,0,0,23.224570258565834
2022-11-30,11.614191442439441,42.60286221221901,0,2,0,1.0,1.0,0,0,0,0,0,19.58312450970979
2022-12-01,19.875598667088756,56.37559058596868,1,3,0,1.0,1.0,0,0,0,0,0,22.61267879201462
2022-12-02,14.264713092489307,48.803301053738565,0,4,0,1.0,1.0,0,0,0,0,0,20.733272723871718
2022-12-03,10.872514016037442,47.053185242790946,1,5,0,1.0,1.0,1,1,0,0,0,23.87982132748658
2022-12-04,13.393070791735033,71.6082678737852,0,6,0,1.0,1.0,1,0,0,0,0,24.339440945725528
2022-12-05,17.06465727137812,55.32298798688109,0,0,0,1.0,1.0,0,0,0,0,0,21.945230252963732
2022-12-06,12.181377235980126,63.46503881730716,0,1,0,1.0,1.0,0,0,0,0,0,21.78277932892674
2022-12-07,10.888898022167844,59.53079421120816,0,2,0,1.0,1.0,0,0,0,0,0,21.130859025554386
2022-12-08,16.218436057459563,64.77040827223121,0,3,0,1.0,1.0,0,0,0,0,0,22.720728038715034
2022-12-09,16.224832855543614,60.768218910602556,0,4,0,1.0,1.0,0,0,0,0,0,22.32178846216898
2022-12-10,12.46528412314435,47.1700777581143,0,5,0,1.0,1.0,1,1,0,0,0,24.2100646004403
2022-12-11,12.644808471908386,69.9626681944714,0,6,0,1.0,1.0,1,0,0,0,0,24.025228513828818
2022-12-12,16.16024968678818,55.06243416838687,0,0,0,1.0,1.0,0,0,0,0,0,21.738293354196323
2022-12-13,7.759578292513379,44.434181013402494,1,1,0,1.0,1.0,0,0,0,1,0,22.995333759842925
2022-12-14,7.962681128117223,55.718848390340874,0,2,0,1.0,1.0,0,0,0,0,0,20.16442106465753
2022-12-15,11.40777889373782,75.00759790634311,1,3,0,1.0,1.0,0,0,0,0,0,22.782315569381876
2022-12-16,13.932764241440763,68.50221742113493,1,4,0,1.0,1.0,0,0,0,0,0,22.636774590401647
2022-12-17,16.554537827990025,56.51347865592141,0,5,0,1.0,1.0,1,1,0,0,0,25.962255431190144
2022-12-18,22.376781084747762,56.50742295681571,0,6,0,1.0,1.0,1,0,0,0,0,24.626098512631124
2022-12-19,19.288298116010097,56.783649487826175,1,0,0,1.0,1.0,0,0,0,0,0,22.536024571984637
2022-12-20,14.200307350182864,80.76747983560841,0,1,0,1.0,1.0,0,0,0,0,0,23.916809453597416
2022-12-21,14.904918960486556,63.819354522315535,0,2,0,1.0,1.0,0,0,0,0,0,22.362919244328864
2022-12-22,9.987353176810956,64.3004164719107,0,3,0,1.0,1.0,0,0,0,0,0,21.42751228255326
2022-12-23,14.90743432003805,70.30283454031843,1,4,0,1.0,1.0,0,0,0,0,0,23.011770318039453
2022-12-24,13.556706805399308,62.387891590265134,0,5,1,1.0,1.0,1,1,1,0,0,28.950130520106377
2022-12-25,16.613592801690448,57.40957854179297,0,6,0,1.0,1.0,1,0,0,0,0,23.563676414517385
2022-12-26,10.863845282238385,58.03650150915022,1,0,0,1.0,1.0,0,0,0,0,0,20.9764192073627
2022-12-27,17.596732571205862,59.283987405859364,1,1,0,1.0,1.0,0,0,0,0,0,22.44774525482711
2022-12-28,22.66369456501289,59.627777634901584,0,2,0,1.0,1.0,0,0,0,0,0,23.495516676492738
2022-12-29,14.456199257715712,67.2762954363698,0,3,0,1.0,1.0,0,0,0,0,0,22.61886939518012
2022-12-30,17.008558610494706,60.519458858072994,1,4,0,1.0,1.0,0,0,0,0,0,22.45365760790624
2022-12-31,18.450719958555563,67.3264007721558,0,5,1,1.0,1.0,1,1,1,0,0,30.422784068926692
2023-01-01,12.993897640570818,59.19283419891418,0,6,0,1.0,1.0,1,0,0,0,0,23.018062948005582
2023-01-02,16.120462409052084,60.786351903160906,0,0,0,1.0,1.0,0,0,0,0,0,22.302727672126508
2023-01-03,15.062962003908975,40.01799315467892,1,1,0,1.0,1.0,0,0,0,0,0,20.014391716249687
2023-01-04,15.48838049274416,69.16327674702481,0,2,0,1.0,1.0,0,0,0,0,0,23.01400377325131
2023-01-05,11.134951080722669,63.46488475897993,1,3,0,1.0,1.0,0,0,0,0,0,21.573478692042528
2023-01-06,15.122550871294713,69.98010109859652,1,4,0,1.0,1.0,0,0,0,0,0,23.022520284118595
2023-01-07,17.489991456227248,31.037446218063106,0,5,0,1.0,1.0,1,1,0,0,0,23.601742913051762
2023-01-08,22.25571803897521,80.88374704780728,0,6,0,1.0,1.0,1,0,0,0,0,27.039518312575773
2023-01-09,19.796354130426035,58.604103718448265,0,0,0,1.0,1.0,0,0,0,0,0,22.819681197930034
2023-01-10,25.765912287557782,71.08182816737516,0,1,0,1.0,1.0,0,0,0,0,1,27.261365274249073
2023-01-11,11.163262185559752,49.60094072874469,0,2,0,1.0,1.0,0,0,0,0,0,20.19274650998642
2023-01-12,19.361603183603393,66.12773905062569,1,3,0,1.0,1.0,0,0,0,0,0,23.485094541783248
2023-01-13,15.916710028691758,49.46584436826344,0,4,0,1.0,1.0,0,0,0,0,0,21.129926442564695
2023-01-14,25.94901466608836,53.76231039304195,1,5,0,1.0,1.0,1,1,0,0,1,29.56603397252187
2023-01-15,10.958508573224243,79.14031353866787,0,6,0,1.0,1.0,1,0,0,0,0,24.605733068511636
2023-01-16,10.80139078909612,58.09317599236653,0,0,0,1.0,1.0,0,0,0,0,0,20.969595757055878
2023-01-17,12.00303677277989,62.17432873179723,0,1,0,1.0,1.0,0,0,0,0,0,21.6180402277357
2023-01-18,4.380521378450965,68.70067730688754,0,2,0,1.0,1.0,0,0,0,0,0,20.74617200637895
2023-01-19,12.371224891596196,64.95681887972604,1,3,0,1.0,1.0,0,0,0,0,0,21.969926866291843
2023-01-20,11.20433669223151,61.504189051435766,0,4,0,1.0,1.0,0,0,0,0,0,21.391286243589878
2023-01-21,15.751968932381038,63.64961002466225,0,5,0,1.0,1.0,1,1,0,0,0,26.51535478894243
2023-01-22,16.708779878885796,84.03415585238275,0,6,0,1.0,1.0,1,0,0,0,0,26.245171561015436
2023-01-23,24.380854196079433,59.42381202966415,0,0,0,1.0,1.0,0,0,0,0,0,23.818552042182304
2023-01-24,19.75211919093025,62.010990467149675,0,1,0,1.0,1.0,0,0,0,0,0,23.15152288490102
2023-01-25,12.115481721687985,70.50654396007612,0,2,0,1.0,1.0,0,0,0,0,0,22.47375074034521
2023-01-26,10.50792664325821,71.05525932957984,1,3,0,1.0,1.0,0,0,0,0,0,22.207111261609626
2023-01-27,17.459595857532527,71.8703030556038,0,4,0,1.0,1.0,0,0,0,0,0,23.678949477066887
2023-01-28,8.398833964896788,66.38730222029184,1,5,0,1.0,1.0,1,1,0,1,0,29.318497015008543
2023-01-29,24.15729382927177,48.569950872695166,0,6,0,1.0,1.0,1,0,0,0,0,24.18845385312387
2023-01-30,20.897200603606436,76.33431532301096,0,0,0,1.0,1.0,0,0,0,0,0,24.812871653022384
2023-01-31,12.654121739476476,48.53654606981312,0,1,0,1.0,1.0,0,0,0,0,0,20.384478954876606
2023-02-01,6.434327354545612,63.02635465239033,0,2,0,1.0,1.0,0,0,0,0,0,20.589500936148156
2023-02-02,21.769361870827062,52.45724149980642,0,3,0,1.0,1.0,0,0,0,0,0,22.599596524146055
2023-02-03,14.42730077373691,59.35861653407007,0,4,0,1.0,1.0,0,0,0,0,0,21.821321808154387
2023-02-04,21.189081559867308,63.2876241030348,0,5,0,1.0,1.0,1,1,0,0,0,27.56657872227694
2023-02-05,7.0278617060281645,63.21357215450273,0,6,0,1.0,1.0,1,0,0,0,0,22.226929556655907
2023-02-06,12.003124885231136,64.21920754235285,0,0,0,1.0,1.0,0,0,0,0,0,21.82254573128151
2023-02-07,15.026218498590916,76.13711269058646,1,1,0,1.0,1.0,0,0,0,0,0,23.61895496877683
2023-02-08,15.234902968823711,64.5353430151398,0,2,0,1.0,1.0,0,0,0,0,0,22.500514895278723
2023-02-09,12.749672642603782,57.558433647093516,0,3,0,1.0,1.0,0,0,0,0,0,21.305777893230108
2023-02-10,18.114249661737492,69.64087168288357,0,4,0,1.0,1.0,0,0,0,0,0,23.586937100635858
2023-02-11,9.661897853087028,71.89470488924641,0,5,0,1.0,1.0,1,1,0,0,0,26.121850059542048
2023-02-12,14.288102574893532,47.72392184863008,0,6,0,1.0,1.0,1,0,0,0,0,22.130012699841714
2023-02-13,15.601478158559495,65.97400069849859,0,0,0,1.0,1.0,0,0,0,0,0,22.71769570156176
2023-02-14,17.572194170293745,67.01172742310898,0,1,0,1.0,1.0,0,0,0,0,0,23.215611576369646
2023-02-15,18.55807439044445,57.02436496640008,0,2,0,1.0,1.0,0,0,0,0,0,22.4140513747289
2023-02-16,9.376789540810654,73.75706813311619,0,3,0,1.0,1.0,0,0,0,0,0,22.251064721473753
2023-02-17,7.329429146321889,58.499444129674735,0,4,0,1.0,1.0,0,0,0,0,0,20.315830242231854
2023-02-18,21.388384109492545,61.255764534715425,0,5,0,1.0,1.0,1,1,0,0,0,27.40325327537005
2023-02-19,16.661570059897958,58.2692817571613,0,6,0,1.0,1.0,1,0,0,0,0,23.65924218769572
2023-02-20,11.257567317217232,60.155790475814676,0,0,0,1.0,1.0,0,0,0,0,0,21.267092511024913
2023-02-21,22.755759877612615,49.037249131047986,1,1,0,1.0,1.0,0,0,0,0,0,22.45487688862732
2023-02-22,15.578373171464293,45.59949117405706,0,2,0,1.0,1.0,0,0,0,0,0,20.675623751698566
2023-02-23,20.896485920319133,75.94505063224972,0,3,0,1.0,1.0,0,0,0,0,0,24.7738022472888
2023-02-24,15.337592407050545,51.53038651681672,0,4,0,1.0,1.0,0,0,0,0,0,21.22055713309178
2023-02-25,25.303739624409936,50.08607650543693,1,5,0,1.0,1.0,1,1,0,0,1,29.069355575425682
2023-02-26,23.77670421221602,38.466098863962856,0,6,0,1.0,1.0,1,0,0,0,0,23.10195072883949
2023-02-27,13.755179257604633,53.610382523104974,0,0,0,1.0,1.0,0,0,0,0,0,21.112074103831425
2023-02-28,19.85785475477178,46.76910206592502,0,1,0,1.0,1.0,0,0,0,0,0,21.648481157546858
2023-03-01,18.226879747925736,76.4201516013637,0,2,0,1.0,1.0,0,0,0,0,0,24.28739110972152
2023-03-02,21.843157787661745,70.09817089342634,0,3,0,1.0,1.0,0,0,0,0,0,24.378448646874986
2023-03-03,10.175382697099478,53.118496548222765,0,4,0,1.0,1.0,0,0,0,0,0,20.346926194242172
2023-03-04,18.430257299992196,82.52435805344308,1,5,0,1.0,1.0,1,1,0,0,0,28.938487265342747
2023-03-05,20.29212243424794,69.81765486991594,0,6,0,1.0,1.0,1,0,0,0,0,25.540189973841184
2023-03-06,6.206302567884428,56.75168616491378,1,0,0,1.0,1.0,0,0,0,1,0,23.916429130068266
2023-03-07,9.083707436671125,35.005942851264265,1,1,0,1.0,1.0,0,0,0,1,0,22.317335772460652
2023-03-08,4.803839111199498,82.90942572590743,0,2,0,1.0,1.0,0,0,0,0,0,22.251710394830642
2023-03-09,13.652965827777212,46.10427533236404,0,3,0,1.0,1.0,0,0,0,0,0,20.341020698791844
2023-03-10,18.58771127897981,43.546012530431085,0,4,0,1.0,1.0,0,0,0,0,0,21.07214350883907
2023-03-11,22.51178526048014,70.2257043200964,0,5,0,1.0,1.0,1,1,0,0,0,28.524927484105667
2023-03-12,15.370473902098876,84.39752406339272,0,6,0,1.0,1.0,1,0,0,0,0,26.013847186759048
2023-03-13,23.143077727856458,73.84272818510519,1,0,0,1.0,1.0,0,0,0,0,0,25.01288836408181
2023-03-14,8.099492708925542,65.6390912005236,1,1,0,1.0,1.0,0,0,0,1,0,25.18380766183747
2023-03-15,6.483087803224226,65.94754341665286,0,2,0,1.0,1.0,0,0,0,0,0,20.891371902310134
2023-03-16,14.722261505516906,68.53415558780307,0,3,0,1.0,1.0,0,0,0,0,0,22.797867859883688
2023-03-17,16.920327244696537,67.58928589786765,1,4,0,1.0,1.0,0,0,0,0,0,23.142994038726073
2023-03-18,14.836526259529535,62.811914239693756,1,5,0,1.0,1.0,1,1,0,0,0,26.248496675875284
2023-03-19,4.662789499800617,61.04201103951876,1,6,0,1.0,1.0,1,0,0,1,0,25.536759003912
2023-03-20,14.554399802436057,59.374068721004775,0,0,0,1.0,1.0,0,0,0,0,0,21.84828683258769
2023-03-21,8.477652497475734,52.46035411133324,0,1,0,1.0,1.0,0,0,0,0,0,19.94156591062847
2023-03-22,18.348362744150194,57.19324923133226,0,2,0,1.0,1.0,0,0,0,0,0,22.388997471963265
2023-03-23,16.83299123048424,43.07043185804615,0,3,0,1.0,1.0,0,0,0,0,0,20.673641431901462
2023-03-24,10.300601068363225,59.0166037320525,0,4,0,1.0,1.0,0,0,0,0,0,20.961780586877897
2023-03-25,12.430665413316532,50.11408892849083,0,5,0,1.0,1.0,1,1,0,0,0,24.49754197551239
2023-03-26,9.703932390555241,48.964106827842286,0,6,0,1.0,1.0,1,0,0,0,0,21.33719716089528
2023-03-27,14.68660451363414,61.798941511534785,0,0,0,1.0,1.0,0,0,0,0,0,22.117215053880308
2023-03-28,19.775711602506192,73.920022863446,0,1,0,1.0,1.0,0,0,0,0,0,24.347144606845838
2023-03-29,10.071369768322281,69.18316606002313,0,2,0,1.0,1.0,0,0,0,0,0,21.93259055966677
2023-03-30,17.520232577589223,44.29499396376823,0,3,0,1.0,1.0,0,0,0,0,0,20.93354591189467
2023-03-31,12.348711908137796,50.10371863429663,0,4,0,1.0,1.0,0,0,0,0,0,20.480114245057223
2023-04-01,11.035635838688279,69.40771187988216,0,5,0,1.0,1.0,1,1,0,0,0,26.14789835572587
2023-04-02,14.46484820022721,50.175126064616904,1,6,0,1.0,1.0,1,0,0,0,0,22.410482246507133
2023-04-03,9.823788387903129,57.753668500029754,0,0,0,1.0,1.0,0,0,0,0,0,20.7401245275836
2023-04-04,12.231753473264089,65.50052099024552,0,1,0,1.0,1.0,0,0,0,0,0,21.99640279367737
2023-04-05,9.010610537055758,50.31655545136365,0,2,0,1.0,1.0,0,0,0,0,0,19.833777652547518
2023-04-06,24.823625664581947,61.0537550614596,1,3,0,1.0,1.0,0,0,0,0,0,24.07010063906235
2023-04-07,15.176317759858643,46.65974505081795,0,4,0,1.0,1.0,0,0,0,0,0,20.701238057053523
2023-04-08,11.501372460037071,53.98632356048786,0,5,0,1.0,1.0,1,1,0,0,0,24.6989068480562
2023-04-09,16.06989955367111,63.19781934142537,0,6,0,1.0,1.0,1,0,0,0,0,24.03376184487676
2023-04-10,14.438359751545851,44.070062664683306,0,0,0,1.0,1.0,0,0,0,0,0,20.294678216777502
2023-04-11,13.895152002333885,64.40474737960399,0,1,0,1.0,1.0,0,0,0,0,0,22.219505138427177
2023-04-12,18.070833500217127,59.803622010733186,0,2,0,1.0,1.0,0,0,0,0,0,22.594528901116746
2023-04-13,18.787538550236526,65.52489954417148,1,3,0,1.0,1.0,0,0,0,0,0,23.309997664464454
2023-04-14,12.347494261947363,62.23914134064661,0,4,0,1.0,1.0,0,0,0,0,0,21.693412986454135
2023-04-15,12.1209087967766,73.64140429973844,1,5,0,1.0,1.0,1,1,0,0,0,26.788322189329165
2023-04-16,13.62474151424178,61.25224502647907,1,6,0,1.0,1.0,1,0,0,0,0,23.350172805496264
2023-04-17,3.4903941763220754,55.70594458874747,0,0,0,1.0,1.0,0,0,0,0,0,19.268673294139163
2023-04-18,7.424044689007239,61.222975030322836,1,1,0,1.0,1.0,0,0,0,1,0,24.607106440833732
2023-04-19,21.834371337222624,65.43298029036387,0,2,0,1.0,1.0,0,0,0,0,0,23.910172296480916
2023-04-20,23.224838567506417,60.48860070325704,0,3,0,1.0,1.0,0,0,0,0,0,23.69382778382699
2023-04-21,13.754819802218108,60.405916912038826,0,4,0,1.0,1.0,0,0,0,0,0,21.791555651647506
2023-04-22,17.882784815278832,52.980083121932445,0,5,0,1.0,1.0,1,1,0,0,0,25.87456527524901
2023-04-23,16.556250772717682,53.37099082449052,0,6,0,1.0,1.0,1,0,0,0,0,23.148349236992587
2023-04-24,30.39440404227619,45.97394728200307,0,0,0,1.0,1.0,0,0,0,0,1,25.676275536655545
2023-04-25,20.597874557172883,77.4957674318694,0,1,0,1.0,1.0,0,0,0,0,0,24.869151654621515
2023-04-26,14.360412042596167,47.56136764608715,0,2,0,1.0,1.0,0,0,0,0,0,20.62821917312795
2023-04-27,10.222297796997871,53.07094802204092,0,3,0,1.0,1.0,0,0,0,0,0,20.351554361603668
2023-04-28,6.967768398712138,52.81592734430802,0,4,0,1.0,1.0,0,0,0,0,0,19.67514641417323
2023-04-29,16.017318179336115,68.94924376944441,0,5,0,1.0,1.0,1,1,0,0,0,27.098388012811665
2023-04-30,11.218246273578483,57.05050321707972,0,6,0,1.0,1.0,1,0,0,0,0,22.44869957642367
2023-05-01,7.888731452011629,72.47742072673734,1,0,0,1.0,1.0,0,0,0,1,0,25.82548836307606
2023-05-02,11.767135578787368,53.26509375756132,0,1,0,1.0,1.0,0,0,0,0,0,20.679936491513605
2023-05-03,9.592259981928025,62.78994162223802,1,2,0,1.0,1.0,0,0,0,1,0,25.19744615860941
2023-05-04,23.435708175362823,51.64652946740243,0,3,0,1.0,1.0,0,0,0,0,0,22.851794581812808
2023-05-05,19.408198784747253,81.45149127773388,0,4,0,1.0,1.0,0,0,0,0,0,25.02678888472284
2023-05-06,14.960136793416913,48.12401580970487,0,5,0,1.0,1.0,1,1,0,0,0,24.80442893965387
2023-05-07,22.39972069445013,63.09820710227027,0,6,0,1.0,1.0,1,0,0,0,0,25.289764849117056
2023-05-08,15.386841538238091,66.33776880932099,0,0,0,1.0,1.0,0,0,0,0,0,22.711145188579717
2023-05-09,10.693578993358681,64.13799097451498,1,1,0,1.0,1.0,0,0,0,0,0,21.552514896123235
2023-05-10,22.615620386348287,58.147123411222914,0,2,0,1.0,1.0,0,0,0,0,0,23.337836418391948
2023-05-11,17.694550218423295,58.70179300266574,1,3,0,1.0,1.0,0,0,0,0,0,22.409089343951234
2023-05-12,9.813769228367718,60.438114719791095,1,4,0,1.0,1.0,0,0,0,1,0,25.00656531765265
2023-05-13,14.048306609581958,58.529979983715116,1,5,0,1.0,1.0,1,1,0,0,0,25.662659320287904
2023-05-14,10.621908733076214,69.6387911679491,1,6,0,1.0,1.0,1,0,0,0,0,23.588260863410152
2023-05-15,8.08600134517832,82.10523001591352,0,0,0,1.0,1.0,0,0,0,0,0,22.82772327062702
2023-05-16,19.630887737658206,54.425082149921664,0,1,0,1.0,1.0,0,0,0,0,0,22.368685762523807
2023-05-17,24.547083202350652,46.301970204209226,0,2,0,1.0,1.0,0,0,0,0,0,22.539613660891053
2023-05-18,8.007162130904295,59.117179516487454,0,3,0,1.0,1.0,0,0,0,0,0,20.513150377829604
2023-05-19,17.814846183452854,85.79709337654319,0,4,0,1.0,1.0,0,0,0,0,0,25.14267857434489
2023-05-20,11.746787154390866,51.963254320302696,1,5,0,1.0,1.0,1,1,0,0,0,24.545682862908443
2023-05-21,12.56437308117652,76.39116805444067,0,6,0,1.0,1.0,1,0,0,0,0,24.651991421679373
2023-05-22,12.038030378805654,76.77700814076441,0,0,0,1.0,1.0,0,0,0,0,0,23.08530688983757
2023-05-23,10.68004615160092,54.46411758292005,0,1,0,1.0,1.0,0,0,0,0,0,20.58242098861219
2023-05-24,15.242608139724135,65.68983079185276,0,2,0,1.0,1.0,0,0,0,0,0,22.617504707130102
2023-05-25,10.84524941794481,76.28396623128538,0,3,0,1.0,1.0,0,0,0,0,0,22.7974465067175
2023-05-26,16.352284128899193,56.20872259012513,1,4,0,1.0,1.0,0,0,0,0,0,21.891329084792353
2023-05-27,14.748809452754315,57.964196398976384,0,5,0,1.0,1.0,1,1,0,0,0,25.746181530448503
2023-05-28,13.805259765667952,54.18319086051356,0,6,0,1.0,1.0,1,0,0,0,0,22.679371039184947
2023-05-29,10.462181689792011,49.852432693071336,0,0,0,1.0,1.0,0,0,0,0,0,20.077679607265537
2023-05-30,12.116143347158337,53.50722454933993,0,1,0,1.0,1.0,0,0,0,0,0,20.77395112436566
2023-05-31,18.77695612912878,47.760597332377436,0,2,0,1.0,1.0,0,0,0,0,0,21.5314509590635
2023-06-01,17.504585938121902,60.34083468259226,0,3,0,1.0,1.0,0,0,0,0,0,22.535000655883607
2023-06-02,10.112223776007244,52.30026768941358,0,4,0,1.0,1.0,0,0,0,0,0,20.252471524142805
2023-06-03,15.496661527146129,62.33785911790748,0,5,0,1.0,1.0,1,1,0,0,0,26.333118217219972
2023-06-04,18.756935616858947,44.44104353796373,0,6,0,1.0,1.0,1,0,0,0,0,22.69549147716816
2023-06-05,6.652973594393142,63.30880232214457,0,0,0,1.0,1.0,0,0,0,0,0,20.661474951093087
2023-06-06,17.716800961899676,68.33528961608924,0,1,0,1.0,1.0,0,0,0,0,0,23.37688915398886
2023-06-07,11.686881205270767,40.062643574285445,0,2,0,1.0,1.0,0,0,0,0,0,19.343640598482697
2023-06-08,17.852993342965796,63.74056569847572,0,3,0,1.0,1.0,0,0,0,0,0,22.94465523844073
2023-06-09,11.183704217287415,72.27668992473292,1,4,0,1.0,1.0,0,0,0,0,0,22.464409835930773
2023-06-10,5.975589496677404,47.90358981308795,0,5,0,1.0,1.0,1,1,0,0,0,22.985476880644274
2023-06-11,6.862287810584187,76.72572386837703,0,6,0,1.0,1.0,1,0,0,0,0,23.545029948954543
2023-06-12,15.24042473330691,64.19019009366045,0,0,0,1.0,1.0,0,0,0,0,0,22.467103956027426
2023-06-13,16.29861250860741,52.949881442415915,0,1,0,1.0,1.0,0,0,0,0,0,21.554710645963073
2023-06-14,10.478416874477958,59.44230922342294,0,2,0,1.0,1.0,0,0,0,0,0,21.039914297237885
2023-06-15,18.19296229388687,65.58326912521723,0,3,0,1.0,1.0,0,0,0,0,0,23.196919371299096
2023-06-16,6.6923996886552,60.760053914124114,1,4,0,1.0,1.0,0,0,0,1,0,24.414485329143453
2023-06-17,14.669601006763417,65.38755992446369,0,5,0,1.0,1.0,1,1,0,0,0,26.472676193799053
2023-06-18,8.944919001187717,50.79326406920634,0,6,0,1.0,1.0,1,0,0,0,0,21.368310207158178
2023-06-19,11.740819460989204,61.69360824036078,0,0,0,1.0,1.0,0,0,0,0,0,21.51752471623392
2023-06-20,15.23699335658207,45.8628550309502,0,1,0,1.0,1.0,0,0,0,0,0,20.633684174411435
2023-06-21,10.697933173580239,58.887739386513,0,2,0,1.0,1.0,0,0,0,0,0,21.028360573367348
2023-06-22,13.077222278850874,50.960923585352106,0,3,0,1.0,1.0,0,0,0,0,0,20.711536814305386
2023-06-23,20.0314640460722,52.64470057410233,1,4,0,1.0,1.0,0,0,0,0,0,22.270762866624672
2023-06-24,12.115540652384256,72.36093175210438,0,5,0,1.0,1.0,1,1,0,0,0,26.65920130568729
2023-06-25,19.17846056032571,70.9131012059427,0,6,0,1.0,1.0,1,0,0,0,0,25.42700223265941
2023-06-26,9.35146572671191,66.09138120907177,1,0,0,1.0,1.0,0,0,0,1,0,25.47943126624956
2023-06-27,17.649020889576413,49.07687235327421,0,1,0,1.0,1.0,0,0,0,0,0,21.437491413242704
2023-06-28,22.207843103289502,56.83591550305198,1,2,0,1.0,1.0,0,0,0,0,0,23.1251601709631
2023-06-29,2.6417774993635526,72.13097699979184,0,3,0,1.0,1.0,0,0,0,0,0,20.741453199851893
2023-06-30,11.015523722647616,61.417169136399046,1,4,0,1.0,1.0,0,0,0,0,0,21.34482165816943
2023-07-01,17.8853606359027,83.19329539981695,0,5,0,1.0,1.0,1,1,0,0,0,28.896401667162234
2023-07-02,13.984773069785037,63.93317839394372,1,6,0,1.0,1.0,1,0,0,0,0,23.69027245335138
2023-07-03,16.855729366856544,61.92049116490031,1,0,0,1.0,1.0,0,0,0,0,0,22.56319498986134
2023-07-04,11.980074066420897,56.908835357974986,0,1,0,1.0,1.0,0,0,0,0,0,21.08689834908168
2023-07-05,15.4329489373645,61.33540904782282,1,2,0,1.0,1.0,0,0,0,0,0,22.220130692255182
2023-07-06,14.221613823039602,58.47530163619456,0,3,0,1.0,1.0,0,0,0,0,0,21.691852928227377
2023-07-07,20.838910308299035,67.0810867668859,0,4,0,1.0,1.0,0,0,0,0,0,23.875890738348396
2023-07-08,16.272104216506065,69.56702316794585,0,5,0,1.0,1.0,1,1,0,0,0,27.2111231600958
2023-07-09,16.68801331037601,52.140105394920504,0,6,0,1.0,1.0,1,0,0,0,0,23.051613201567253
2023-07-10,12.940615169387662,46.68767046442222,0,0,0,1.0,1.0,0,0,0,0,0,20.256890080319756
2023-07-11,12.561968879637533,41.637946268967035,0,1,0,1.0,1.0,0,0,0,0,0,19.67618840282421
2023-07-12,12.837209060901895,65.07991326912544,0,2,0,1.0,1.0,0,0,0,0,0,22.075433139092922
2023-07-13,16.972260711891483,48.966333938261265,1,3,0,1.0,1.0,0,0,0,0,0,21.291085536204424
2023-07-14,12.895077595898686,38.471094070475175,1,4,0,1.0,1.0,0,0,0,0,0,19.426124926227256
2023-07-15,16.448874284482066,63.885786045309644,0,5,0,1.0,1.0,1,1,0,0,0,26.678353461427378
2023-07-16,25.377003993227195,84.9299951743279,0,6,0,1.0,1.0,1,0,0,0,1,30.068400316078232
2023-07-17,19.355623517158463,59.939290884601064,0,0,0,1.0,1.0,0,0,0,0,0,22.8650537918918
2023-07-18,13.369882339160794,68.38490774451643,0,1,0,1.0,1.0,0,0,0,0,0,22.5124672422838
2023-07-19,21.006069610819722,60.81829358547565,0,2,0,1.0,1.0,0,0,0,0,0,23.28304328071151
2023-07-20,12.959623134892244,59.01110346808857,0,3,0,1.0,1.0,0,0,0,0,0,21.493034973787307
2023-07-21,4.809377324110731,69.19076482987768,0,4,0,1.0,1.0,0,0,0,0,0,20.880951947809915
2023-07-22,9.95956844541298,57.097254558113484,1,5,0,1.0,1.0,1,1,0,1,0,28.701639144893946
2023-07-23,5.646040394870722,62.673923140719026,0,6,0,1.0,1.0,1,0,0,0,0,21.896600393046047
2023-07-24,13.242432579793457,63.216978061960134,0,0,0,1.0,1.0,0,0,0,0,0,21.970184322154704
2023-07-25,15.092091895947759,53.31909546356951,0,1,0,1.0,1.0,0,0,0,0,0,21.3503279255465
2023-07-26,23.382186561376415,69.92042349536523,0,2,0,1.0,1.0,0,0,0,0,0,24.668479661811805
2023-07-27,16.634636868820813,58.25040243304591,0,3,0,1.0,1.0,0,0,0,0,0,22.151967617068756
2023-07-28,13.904497355955678,52.442548405071555,0,4,0,1.0,1.0,0,0,0,0,0,21.02515431169829
2023-07-29,19.147027905917447,65.36509843570404,0,5,0,1.0,1.0,1,1,0,0,0,27.365915424753894
2023-07-30,3.944323454960575,51.015320182089624,0,6,0,1.0,1.0,1,0,0,0,0,20.390396709201077
2023-07-31,16.178072790542828,60.281811573691286,1,0,0,1.0,1.0,0,0,0,0,0,22.263795715477695
2023-08-01,18.854325969434832,59.90881003355796,1,1,0,1.0,1.0,0,0,0,0,0,22.76174619724276
2023-08-02,7.607068771100792,70.85895565831578,0,2,0,1.0,1.0,0,0,0,0,0,21.607309320051737
2023-08-03,20.718770216034645,64.74698232879953,0,3,0,1.0,1.0,0,0,0,0,0,23.618452276086884
2023-08-04,16.69248203747207,59.74973041254856,0,4,0,1.0,1.0,0,0,0,0,0,22.31346944874927
2023-08-05,12.923560430495993,68.17766299200287,0,5,0,1.0,1.0,1,1,0,0,0,26.402478385299485
2023-08-06,18.163909330531425,73.90207549017313,0,6,0,1.0,1.0,1,0,0,0,0,25.522989415123597
2023-08-07,26.35346428902198,65.57810306351863,0,0,0,1.0,1.0,0,0,0,0,1,26.82850316415626
2023-08-08,15.909331275292477,60.103526198433805,0,1,0,1.0,1.0,0,0,0,0,0,22.192218874901876
2023-08-09,16.24110293150168,46.8816376764984,0,2,0,1.0,1.0,0,0,0,0,0,20.936384353950174
2023-08-10,12.70319550229878,49.348863369246274,0,3,0,1.0,1.0,0,0,0,0,0,20.475525437384384
2023-08-11,10.750778152676041,56.94775295645332,1,4,0,1.0,1.0,0,0,0,0,0,20.844930926180538
2023-08-12,19.151679082721227,53.90487797840717,1,5,0,1.0,1.0,1,1,0,0,0,26.220823614384962
2023-08-13,10.719580870455664,58.13028697014554,1,6,0,1.0,1.0,1,0,0,0,0,22.456944871105687
2023-08-14,15.357831186096963,60.56649924897107,0,0,0,1.0,1.0,0,0,0,0,0,22.1282161621165
2023-08-15,12.611712766174417,65.2969275435673,1,1,1,1.0,1.0,1,0,1,0,0,26.552035307591616
2023-08-16,17.39489912873196,59.29501221940909,0,2,0,1.0,1.0,0,0,0,0,0,22.408481047687303
2023-08-17,16.66831052643474,64.86501643826202,1,3,0,1.0,1.0,0,0,0,0,0,22.82016374911315
2023-08-18,20.187699721289498,60.6447441481012,0,4,0,1.0,1.0,0,0,0,0,0,23.102014359068022
2023-08-19,12.449918005726264,40.24533433646128,1,5,0,1.0,1.0,1,1,0,0,0,23.514517034791382
2023-08-20,13.650625323533143,50.606646061812455,0,6,0,1.0,1.0,1,0,0,0,0,22.290789670887875
2023-08-21,10.106181421088463,58.55912444278385,1,0,0,1.0,1.0,0,0,0,0,0,20.877148728496078
2023-08-22,12.778533699619441,47.90305257158892,1,1,0,1.0,1.0,0,0,0,0,0,20.34601199708278
2023-08-23,16.88650246522426,65.99928729996205,0,2,0,1.0,1.0,0,0,0,0,0,22.977229223041057
2023-08-24,18.78494308322676,75.30750832343698,0,3,0,1.0,1.0,0,0,0,0,0,24.28773944898905
2023-08-25,10.389173379111874,72.18761851697317,1,4,0,1.0,1.0,0,0,0,0,0,22.296596527519693
2023-08-26,19.3480296005283,57.86557129069792,0,5,0,1.0,1.0,1,1,0,0,0,26.65616304917545
2023-08-27,21.778189294024756,74.90726136849952,1,6,0,1.0,1.0,1,0,0,0,0,26.346363995654904
2023-08-28,17.067174516118506,61.486674572021116,0,0,0,1.0,1.0,0,0,0,0,0,22.56210236042581
2023-08-29,24.38397906279033,56.629140288819606,0,1,0,1.0,1.0,0,0,0,0,0,23.53970984144003
2023-08-30,11.131054004482134,53.8659733645906,0,2,0,1.0,1.0,0,0,0,0,0,20.612808137355486
2023-08-31,8.776726483442914,56.975303135118715,0,3,0,1.0,1.0,0,0,0,0,0,20.452875610200454
2023-09-01,6.106398755478606,56.118231814587716,1,4,0,1.0,1.0,0,0,0,1,0,23.833102932554493
2023-09-02,22.480221557445915,61.70416222375488,0,5,0,1.0,1.0,1,1,0,0,0,27.666460533864672
2023-09-03,18.27182828177029,61.60573981049865,0,6,0,1.0,1.0,1,0,0,0,0,24.314939637403924
2023-09-04,14.722076645447725,60.03046020153415,0,0,0,1.0,1.0,0,0,0,0,0,21.94746134924296
2023-09-05,16.399843131599102,64.3693816974635,0,1,0,1.0,1.0,0,0,0,0,0,22.71690679606617
2023-09-06,9.372554763508116,71.90646274786342,1,2,0,1.0,1.0,0,0,0,1,0,26.065157227487965
2023-09-07,27.22875989808413,69.49554135441323,1,3,0,1.0,1.0,0,0,0,0,1,27.39530611505815
2023-09-08,15.646105909876137,45.151020315500965,0,4,0,1.0,1.0,0,0,0,0,0,20.644323213525325
2023-09-09,15.546973973024464,34.46078865098045,1,5,0,1.0,1.0,1,1,0,0,0,23.555473659702937
2023-09-10,18.62883311949346,69.34319911239274,1,6,0,1.0,1.0,1,0,0,0,0,25.160086535137967
2023-09-11,17.405046158683568,46.33121301584579,0,0,0,1.0,1.0,0,0,0,0,0,21.114130533321294
2023-09-12,16.119420121395656,57.75234598107316,1,1,0,1.0,1.0,0,0,0,0,0,21.999118622386447
2023-09-13,11.047627722773441,48.298869739406406,0,2,0,1.0,1.0,0,0,0,0,0,20.03941251849533
2023-09-14,17.357341785679978,41.9801956241998,0,3,0,1.0,1.0,0,0,0,0,0,20.669487919555976
2023-09-15,24.41012248237517,65.41462728204787,1,4,0,1.0,1.0,0,0,0,0,0,24.42348722467982
2023-09-16,21.727100230774887,67.59155160302647,0,5,0,1.0,1.0,1,1,0,0,0,28.104575206457625
2023-09-17,22.965933133196984,54.2348959927328,1,6,0,1.0,1.0,1,0,0,0,0,24.51667622591268
2023-09-18,12.443921617844074,34.0895770785509,1,0,0,1.0,1.0,0,0,0,0,0,18.897742031423906
2023-09-19,10.051975898707095,54.53755551747517,0,1,0,1.0,1.0,0,0,0,0,0,20.464150731488935
2023-09-20,14.37106539950176,63.91804005402547,1,2,0,1.0,1.0,0,0,0,0,0,22.2660170853029
2023-09-21,15.278624561443474,45.21088431225871,0,3,0,1.0,1.0,0,0,0,0,0,20.576813343514566
2023-09-22,20.470957592354743,61.83359919779156,0,4,0,1.0,1.0,0,0,0,0,0,23.277551438250107
2023-09-23,6.537676851425903,59.846901508270044,0,5,0,1.0,1.0,1,1,0,0,0,24.292225521112186
2023-09-24,22.64775159730307,65.79291499601088,1,6,0,1.0,1.0,1,0,0,0,0,25.608841819061702
2023-09-25,14.209960507105054,61.19580368414153,0,0,0,1.0,1.0,0,0,0,0,0,21.961572469835165
2023-09-26,12.8655946502629,50.26931059118444,0,1,0,1.0,1.0,0,0,0,0,0,20.600049989171026
2023-09-27,9.939478123699162,71.96571501664491,0,2,0,1.0,1.0,0,0,0,0,0,22.184467126404325
2023-09-28,6.725716640671154,58.4147042697303,1,3,0,1.0,1.0,0,0,0,1,0,24.18661375510726
2023-09-29,19.115852919809573,59.72695460490068,0,4,0,1.0,1.0,0,0,0,0,0,22.795866044451984
2023-09-30,15.366589835942019,50.667320409268044,0,5,0,1.0,1.0,1,1,0,0,0,25.14005000811521
2023-10-01,8.55019550129473,55.567177488084894,0,6,0,1.0,1.0,1,0,0,0,0,21.766756849067434
2023-10-02,8.52460613968192,51.15197285973099,0,0,0,1.0,1.0,0,0,0,0,0,19.820118513909485
2023-10-03,13.321076503549358,58.27053940076577,1,1,0,1.0,1.0,0,0,0,0,0,21.49126924078645
2023-10-04,23.345107626446964,77.11708480142343,0,2,0,1.0,1.0,0,0,0,0,0,25.380730005431737
2023-10-05,13.702043243181976,46.28098857068643,0,3,0,1.0,1.0,0,0,0,0,0,20.36850750570504
2023-10-06,7.4842852344094695,43.86438602123259,1,4,0,1.0,1.0,0,0,0,1,0,22.883295649005152
2023-10-07,13.771284679570279,74.71170327493608,0,5,0,1.0,1.0,1,1,0,0,0,27.225427263407664
2023-10-08,13.636382151261648,57.90676322848134,1,6,0,1.0,1.0,1,0,0,0,0,23.017952753100463
2023-10-09,1.5155667852921422,53.309272613400836,0,0,0,1.0,1.0,0,0,0,0,0,18.63404061839851
2023-10-10,14.728525667410938,70.39904687396077,1,1,0,1.0,1.0,0,0,0,0,0,22.985609820878267
2023-10-11,13.84532734895661,53.94384460263136,0,2,0,1.0,1.0,0,0,0,0,0,21.16344993005446
2023-10-12,18.48103182406709,78.26009713546937,0,3,0,1.0,1.0,0,0,0,0,0,24.522216078360355
2023-10-13,24.244780474726724,66.7792587133927,1,4,0,1.0,1.0,0,0,0,0,0,24.526881966284613
2023-10-14,20.632825147738785,55.120885918542974,1,5,0,1.0,1.0,1,1,0,0,0,26.638653621402057
2023-10-15,13.655556547225848,81.57308213265503,1,6,0,1.0,1.0,1,0,0,0,0,25.388419522710674
2023-10-16,9.467370456291649,53.94285076996662,0,0,0,1.0,1.0,0,0,0,0,0,20.287759168254993
2023-10-17,27.866799016249303,67.42095372009307,1,1,0,1.0,1.0,0,0,0,0,1,27.315455175259167
2023-10-18,15.296092170072441,62.99292580406492,1,2,0,1.0,1.0,0,0,0,0,0,22.35851101442098
2023-10-19,15.069646459564732,73.01741289398798,0,3,0,1.0,1.0,0,0,0,0,0,23.315670581311743
2023-10-20,14.879374564449984,75.61511196726853,1,4,0,1.0,1.0,0,0,0,0,0,23.53738610961685
2023-10-21,15.990423803839274,60.320041490657665,1,5,0,1.0,1.0,1,1,0,0,0,26.230088909833622
2023-10-22,14.278197940380288,52.46582129653817,0,6,0,1.0,1.0,1,0,0,0,0,22.602221717729876
2023-10-23,12.131689965598818,64.59972142939117,0,0,0,1.0,1.0,0,0,0,0,0,21.88631013605888
2023-10-24,12.265705293798039,53.22284630247894,0,1,0,1.0,1.0,0,0,0,0,0,20.775425689007502
2023-10-25,14.836233648920008,80.13387247526623,0,2,0,1.0,1.0,0,0,0,0,0,23.980633977310625
2023-10-26,12.282876144331176,61.36535331082737,0,3,0,1.0,1.0,0,0,0,0,0,21.593110559948972
2023-10-27,11.435771086614178,56.34678448687891,0,4,0,1.0,1.0,0,0,0,0,0,20.92183266601073
2023-10-28,15.532151138459485,61.84680305864909,0,5,0,1.0,1.0,1,1,0,0,0,26.291110533556804
2023-10-29,13.725113912895724,46.52873710470303,0,6,0,1.0,1.0,1,0,0,0,0,21.897896493049448
2023-10-30,22.519964942913443,50.28385961489349,0,0,0,1.0,1.0,0,0,0,0,0,22.532378950072037
2023-10-31,1.745150958034941,72.00413907944426,1,1,1,1.0,1.0,1,0,1,1,0,29.049444099551415
2023-11-01,20.45753425961231,53.43105721028604,1,2,0,1.0,1.0,0,0,0,0,0,22.434612572951067
2023-11-02,21.230425962488145,49.5308901731806,0,3,0,1.0,1.0,0,0,0,0,0,22.199174209815688
2023-11-03,4.633048837959253,65.36652752527286,1,4,0,1.0,1.0,0,0,0,1,0,24.463262520119137
2023-11-04,13.286562029598256,71.85704154662997,0,5,0,1.0,1.0,1,1,0,0,0,26.843016560582647
2023-11-05,13.142795670021043,67.18953310665067,0,6,0,1.0,1.0,1,0,0,0,0,23.847512444669277
2023-11-06,7.962441526410894,69.96047685805816,0,0,0,1.0,1.0,0,0,0,0,0,21.588535991087994
2023-11-07,11.110916562045624,52.43204911430539,0,1,0,1.0,1.0,0,0,0,0,0,20.465388223839664
2023-11-08,9.447120772670857,45.78189333258156,1,2,0,1.0,1.0,0,0,0,1,0,23.467613487792327
2023-11-09,23.761352217118116,75.01333651955487,1,3,0,1.0,1.0,0,0,0,0,0,25.25360409537911
2023-11-10,19.678391965737305,56.77320161157864,0,4,0,1.0,1.0,0,0,0,0,0,22.612998554305324
2023-11-11,21.357775474970794,57.49166983544953,0,5,0,1.0,1.0,1,1,0,0,0,27.020722078539112
2023-11-12,18.608360320216175,73.28194141849058,0,6,0,1.0,1.0,1,0,0,0,0,25.549866205892293
2023-11-13,9.354741143913854,65.5623000940066,0,0,0,1.0,1.0,0,0,0,0,0,21.42717823818343
2023-11-14,12.377398668601131,64.55887772081607,0,1,0,1.0,1.0,0,0,0,0,0,21.931367505801834
2023-11-15,17.44687280613959,81.65002344901083,0,2,0,1.0,1.0,0,0,0,0,0,24.654376906129002
2023-11-16,8.889360955540273,53.564817696198574,1,3,0,1.0,1.0,0,0,0,1,0,24.134353960727914
2023-11-17,18.56499215086194,69.27840128081237,1,4,0,1.0,1.0,0,0,0,0,0,23.640838558253627
2023-11-18,13.798373009209325,60.570131248970846,0,5,0,1.0,1.0,1,1,0,0,0,25.81668772673895
2023-11-19,13.125895962252013,62.68592278863257,1,6,0,1.0,1.0,1,0,0,0,0,23.39377147131366
2023-11-20,18.554799841017456,75.28468426412532,0,0,0,1.0,1.0,0,0,0,0,0,24.239428394616024
2023-11-21,17.2213165574302,65.07835756289624,0,1,0,1.0,1.0,0,0,0,0,0,22.952099067775663
2023-11-22,13.1951691709046,65.38296079049633,0,2,0,1.0,1.0,0,0,0,0,0,22.177329913230555
2023-11-23,20.79664901682124,70.72507337309803,0,3,0,1.0,1.0,0,0,0,0,0,24.231837140674052
2023-11-24,9.594683362000513,56.350472704571146,1,4,0,1.0,1.0,0,0,0,1,0,24.553983942857215
2023-11-25,18.07967803472132,51.607903326609936,0,5,0,1.0,1.0,1,1,0,0,0,25.776725939605257
2023-11-26,17.96550628984192,49.55190805978967,0,6,0,1.0,1.0,1,0,0,0,0,23.04829206394735
2023-11-27,13.452267803430049,40.33643410623998,0,0,0,1.0,1.0,0,0,0,0,0,19.724096971310008
2023-11-28,16.63066511121059,80.56207129940321,0,1,0,1.0,1.0,0,0,0,0,0,24.38234015218244
2023-11-29,8.744432118073485,48.96791634278317,1,2,0,1.0,1.0,0,0,0,1,0,23.645678057893015
2023-11-30,19.620135096034506,57.78746376414228,0,3,0,1.0,1.0,0,0,0,0,0,22.70277339562113
2023-12-01,14.075489317785054,57.23186700111079,0,4,0,1.0,1.0,0,0,0,0,0,21.53828456366809
2023-12-02,12.386384897404803,63.07406697809101,0,5,0,1.0,1.0,1,1,0,0,0,25.78468367729006
2023-12-03,20.245046129184445,68.15737212539297,0,6,0,1.0,1.0,1,0,0,0,0,25.364746438376187
2023-12-04,11.478281547286205,68.60473488359746,0,0,0,1.0,1.0,0,0,0,0,0,22.156129797816988
2023-12-05,7.957693518182202,54.16922561431062,0,1,0,1.0,1.0,0,0,0,0,0,20.008461265067503
2023-12-06,7.216854132380481,58.32878286213589,0,2,0,1.0,1.0,0,0,0,0,0,20.276249112689683
2023-12-07,18.030049756728197,62.825799504882994,1,3,0,1.0,1.0,0,0,0,0,0,22.88858990183394
2023-12-08,8.597853237518585,57.51308873816453,1,4,0,1.0,1.0,0,0,0,1,0,24.47087952132017
2023-12-09,23.77397090992182,76.07345576019992,1,5,0,1.0,1.0,1,1,0,0,0,29.362139758004357
2023-12-10,4.59035296058139,64.90974951638252,0,6,0,1.0,1.0,1,0,0,0,0,21.90904554375453
2023-12-11,23.48228184145019,67.34877786049817,0,0,0,1.0,1.0,0,0,0,0,0,24.431334154339858
2023-12-12,16.05508733601309,66.62881268667412,0,1,0,1.0,1.0,0,0,0,0,0,22.87389873587003
2023-12-13,14.516434440648037,71.73473857485325,1,2,0,1.0,1.0,0,0,0,0,0,23.076760745614934
2023-12-14,12.275404565955252,61.81021558703707,0,3,0,1.0,1.0,0,0,0,0,0,21.63610247189476
2023-12-15,16.995680571760353,47.03168052044153,0,4,0,1.0,1.0,0,0,0,0,0,21.102304166396223
2023-12-16,14.811826487875758,63.996879517526416,0,5,0,1.0,1.0,1,1,0,0,0,26.362053249327793
2023-12-17,20.516509410082605,53.48643106208171,0,6,0,1.0,1.0,1,0,0,0,0,23.951944988224692
2023-12-18,15.571138243310198,54.713833182502434,0,0,0,1.0,1.0,0,0,0,0,0,21.585610966912284
2023-12-19,15.751508807309389,65.86364018755093,0,1,0,1.0,1.0,0,0,0,0,0,22.73666578021697
2023-12-20,13.18193893893072,72.38283071433636,1,2,0,1.0,1.0,0,0,0,0,0,22.874670859219783
2023-12-21,14.715271881394663,60.21271576736061,0,3,0,1.0,1.0,0,0,0,0,0,21.964325953014995
2023-12-22,16.539008844460295,63.088330125989636,0,4,0,1.0,1.0,0,0,0,0,0,22.616634781491022
2023-12-23,6.449158036716872,77.02214944635239,0,5,0,1.0,1.0,1,1,0,0,0,25.992046551978614
2023-12-24,8.259072889471435,62.407531794885685,0,6,1,1.0,1.0,1,0,1,0,0,25.392567757382857
2023-12-25,18.716320470113576,86.01683114180395,0,0,0,1.0,1.0,0,0,0,0,0,25.34494720820311
2023-12-26,15.85432719063971,65.65509645631545,1,1,0,1.0,1.0,0,0,0,0,0,22.736375083759487
2023-12-27,14.080083318236603,42.39237240844182,0,2,0,1.0,1.0,0,0,0,0,0,20.055253904491504
2023-12-28,15.092169665326965,67.53341621104532,1,3,0,1.0,1.0,0,0,0,0,0,22.771775554169928
2023-12-29,16.737908526808354,63.81158384882778,0,4,0,1.0,1.0,0,0,0,0,0,22.72874009024445
2023-12-30,12.301201598453193,72.89752754082745,0,5,0,1.0,1.0,1,1,0,0,0,26.749993073773386
2023-12-31,11.108476372988436,66.73181351269959,1,6,1,1.0,1.0,1,0,1,0,0,26.394876625867646
